,x.values,y.values,x.padj,y.padj,color,Label
H1047R,0.000596055,15.73935134,0.499762208,3.22E-103,GOF,H1047R
E545K,1.60010505,2.575792462,0.499762208,8.37E-93,NEO,E545K
E545Q,0.001169375,14.39592312,0.499762208,1.03E-82,GOF,E545Q
P471A,0.001020873,14.37222444,0.499762208,1.22E-82,GOF,P471A
E542K,1.630015304,2.287455994,0.499762208,5.07E-82,NEO,E542K
L956F,0.001608307,13.70820186,0.499762208,2.32E-77,GOF,L956F
Q546K,0.001611587,13.70649357,0.499762208,2.32E-77,GOF,Q546K
E600K,0.001212222,12.88565789,0.499762208,7.06E-71,GOF,E600K
Q546P,0.001275513,12.48357605,0.499762208,7.86E-68,GOF,Q546P
E453K,0.001926469,12.0560601,0.499762208,1.17E-64,GOF,E453K
E726K,0.00199152,11.82505814,0.499762208,5.38E-63,GOF,E726K
M1004V,0.002012049,11.79077088,0.499762208,8.79E-63,GOF,M1004V
E791Q,0.001933472,11.35062664,0.499762208,1.23E-59,GOF,E791Q
E418K,0.001174364,11.28895287,0.499762208,3.12E-59,GOF,E418K
L752V,0.001728422,10.69426002,0.499762208,4.08E-55,GOF,L752V
R88Q,0.001153233,10.67147898,0.499762208,5.48E-55,GOF,R88Q
L671*,0.001674555,10.52940063,0.499762208,4.78E-54,GOF,L671*
V151M,0.001626505,10.36958098,0.499762208,5.38E-53,GOF,V151M
H1047L,0.002673043,10.05373005,0.499762208,6.35E-51,GOF,H1047L
E1012Q,0.002680105,9.662862408,0.499762208,2.06E-48,GOF,E1012Q
E710Q,0.002838742,9.283343084,0.499762208,4.90E-46,GOF,E710Q
R274K,0.002121834,9.983452031,0.499762208,3.31E-44,GOF,R274K
V636L,0.002609976,9.88365789,0.499762208,1.28E-43,GOF,V636L
E978K,0.003673695,8.609305045,0.499762208,5.43E-42,GOF,E978K
G451V,0.001227054,8.606387329,0.499762208,5.43E-42,GOF,G451V
N345K,0.002769349,8.54412661,0.499762208,1.18E-41,GOF,N345K
R93Q,0.002769349,8.54412661,0.499762208,1.18E-41,GOF,R93Q
E545G,0.002742627,8.255537025,0.499762208,5.54E-40,GOF,E545G
G1049R,0.00263668,8.130961394,0.499762208,2.79E-39,GOF,G1049R
S499F,0.00301883,8.987009632,0.499762208,1.79E-38,GOF,S499F
R115L,0.002893777,8.601794367,0.499762208,2.46E-36,GOF,R115L
Q546R,0.001383294,8.447797538,0.499762208,1.66E-35,GOF,Q546R
E365K,0.002040669,7.704733592,0.499762208,1.35E-31,GOF,E365K
M1043I,1.574117292,2.651466794,0.499762208,2.45E-31,NEO,M1043I
E417K,0.003601733,7.297542343,0.499762208,1.43E-29,GOF,E417K
G118D,1.820020388,2.182436798,0.499762208,5.11E-29,NEO,G118D
M1043L,1.790349026,1.930641192,0.499762208,8.23E-28,NEO,W552C